-27.68182013934983,-51.12691593525072,3.9958169999999926
-27.681821577503825,-51.12687842665083,3.6706128000000002
-27.681826230622157,-51.12695553574933,4.912829999999989
-27.68183108259074,-51.12684513336032,3.4522963
-27.6818413918982,-51.12700261966146,6.1103910000000035
-27.68184888420623,-51.12681587683557,3.4981963999999994
-27.681866416421084,-51.12705825090301,6.885907599999997
-27.6818739084809,-51.12679248452442,3.629042599999995
-27.68189585865357,-51.12712027407961,7.662566699999992
-27.68190271463864,-51.12676861004727,4.06983400000001
-27.68193107581161,-51.12718726866781,8.26784299999998
-27.68193599278588,-51.12674799609765,4.069632000000008
-27.68196647575652,-51.1267288077511,4.183803599999993
-27.681970060617985,-51.127258002030246,8.70664399999999
-27.681996988733022,-51.12670757617629,4.203283300000006
-27.68201340626341,-51.12733175336944,8.808332999999982
-27.68203026857066,-51.12668554870347,4.436697499999993
-27.68205522602014,-51.127407963426194,8.722338000000011
-27.68206379682036,-51.12666222278378,4.596402000000008
-27.682092913047807,-51.12748601979181,8.714830000000005
-27.682099433349546,-51.12663532282207,4.857461
-27.682129738700585,-51.12756438188195,8.636566000000009
-27.68213697756948,-51.12660810782111,4.984275299999992
-27.68216641253308,-51.12764138773418,8.473580999999994
-27.682175462935323,-51.126582053340925,5.079865999999993
-27.682206428073805,-51.12771474150608,8.386000999999991
-27.682217617984158,-51.12655527526516,5.296016000000005
-27.68225075926949,-51.12778335898054,8.39911199999998
-27.682259418908323,-51.126530407794014,5.261043500000015
-27.682296200403457,-51.12785071224324,8.594883999999986
-27.682303222153877,-51.12650669280608,5.288728699999992
-27.682344225394974,-51.12791878041613,8.779331999999984
-27.682347018782803,-51.126483209026574,5.316979999999998
-27.682390690478638,-51.1264614269463,5.328553699999992
-27.68239590824298,-51.12798588981091,8.979399000000024
-27.682435023513367,-51.126438626730746,5.402569299999993
-27.68245257770773,-51.1280488070538,9.280373000000024
-27.6824808152107,-51.12641531721879,5.580178299999996
-27.682515940387,-51.12811028073616,9.493194000000011
-27.68252829183893,-51.12639047031673,5.928284599999994
-27.682577578292214,-51.12636360219984,6.069392999999994
-27.68258360601589,-51.12817059846977,9.446098000000005
-27.6826262258987,-51.126336886926325,6.059314699999998
-27.68264818655169,-51.12823327795141,9.267165999999982
-27.68267599265515,-51.12630905174009,6.176692000000002
-27.682708145644717,-51.12829935127024,9.07591200000001
-27.68272672945951,-51.126279969626935,6.32748
-27.68276293802148,-51.12836744863877,8.946569999999982
-27.682777260545308,-51.12625002612045,6.342416000000001
-27.68281323797485,-51.12843933386568,8.93871100000001
-27.682826766234523,-51.12622015051102,6.237337600000002
-27.682857305765328,-51.128512777323344,8.986184999999985
-27.682875737126206,-51.126190276236464,6.172703999999998
-27.682897440666284,-51.12859236214759,8.799748000000015
-27.68292517910568,-51.12615999005346,6.278044000000011
-27.682935427796675,-51.12867143672493,8.540000999999988
-27.68297219841111,-51.12874903740613,8.332176000000002
-27.682976980865767,-51.126129052890896,6.504038000000001
-27.683007865432177,-51.12882505696798,8.290795000000001
-27.683028263206765,-51.12609694376896,6.489741299999994
-27.683041263893312,-51.12889989102018,8.640430000000011
-27.68307244463433,-51.12898347144841,8.695433999999985
-27.6830778204726,-51.12606223405196,6.49802399999999
-27.68310403107261,-51.129065311385965,8.277834999999989
-27.683126794513683,-51.126023776025065,6.6500353999999895
-27.68313482657972,-51.12914201497706,7.794376400000004
-27.683162735231505,-51.1292151550078,7.350329999999989
-27.683173786946043,-51.125983346760094,6.533965
-27.68318942079688,-51.12928587501025,7.106317999999991
-27.683214153554815,-51.12935481059811,6.895093999999983
-27.683218462622985,-51.12594232549545,6.377161500000011
-27.683237973220013,-51.12942212647144,6.469335
-27.683259975386843,-51.129483126952806,6.024002600000008
-27.683262211326934,-51.12590078635814,6.2852807
-27.683274273709404,-51.12953620440016,4.685434999999996
-27.68328788178965,-51.12958161192291,4.064839399999996
-27.6832981911696,-51.12962129635525,3.6662365999999946
-27.683305320084937,-51.125858360761285,6.348241300000003
-27.683306119966343,-51.1296574514466,3.361739899999996
-27.68331273485613,-51.129690893369904,3.326856099999992
-27.683320916355047,-51.1297235104027,4.469640299999994
-27.683333930131564,-51.12976693819604,5.409785000000003
-27.68334848460532,-51.12581402672533,6.470582499999989
-27.68335047805731,-51.12981881194191,5.944396499999999
-27.683366962550732,-51.129876591429785,6.500405300000008
-27.68338276925269,-51.12994101393746,6.762032999999985
-27.68339187046488,-51.12576867645909,6.586195999999984
-27.683399294524143,-51.13000728357599,6.602183000000001
-27.68341437042687,-51.1300723756174,5.928590299999997
-27.68342997342196,-51.13013026388278,5.544068999999996
-27.683434489795893,-51.12572201931152,6.58676500000001
-27.68344853234015,-51.130183156544966,5.388349000000002
-27.683467617025396,-51.13023445918615,4.886649599999999
-27.68347683397224,-51.125676672361536,6.505204700000002
-27.68348245247832,-51.13028138516735,4.370250999999997
-27.68349348403843,-51.13032503964841,4.768769000000008
-27.683505864947904,-51.130372472740206,4.50888730000001
-27.68352073611909,-51.12563422654577,6.3965454
-27.683521395004057,-51.13041573719547,4.016290000000009
-27.68354471800445,-51.13044721885098,3.6968088
-27.683565776982316,-51.12559725162531,6.242799300000001
-27.683573255326458,-51.13046672391794,3.1546673999999957
-27.683601233038853,-51.13047237773432,3.2068201999999997
-27.683610290387016,-51.12556541518768,5.864430399999995
-27.683630060565225,-51.13046790113983,4.370785000000009
-27.683655041442123,-51.12554081540199,5.524447399999989
-27.68366831705729,-51.13045569509448,5.464072699999988
-27.68369684522188,-51.12551858160068,5.132125400000006
-27.683715401234284,-51.13043897838629,6.61377570000001
-27.6837374573461,-51.12549614898805,4.637478400000008
-27.683771139547748,-51.12547152268779,4.516860500000006
-27.683772066204845,-51.130417791085335,7.525141200000006
-27.683805735664297,-51.125444785278106,4.7552814
-27.683836106795347,-51.1303932791955,7.7521663
-27.68384235649104,-51.12541411476872,4.892270600000006
-27.683880003637103,-51.12538356124033,5.084658999999991
-27.68390221359572,-51.130367846740256,7.68960240000001
-27.68391826411152,-51.12535240910359,5.234238000000004
-27.683956570321342,-51.12532259741546,5.1701535999999955
-27.68396772569202,-51.13034288672605,7.650119300000018
-27.683997402161214,-51.12529826515088,5.126730000000006
-27.684032875142115,-51.13031738107258,7.502206999999999
-27.684038311963334,-51.12527743474598,5.021063000000012
-27.684072998720044,-51.1252610757365,4.19050499999999
-27.68409666487489,-51.13029173837565,7.533592
-27.684105143245315,-51.125243253223374,3.8546364000000026
-27.684137884477536,-51.12522243014666,4.12843900000001
-27.68416074453025,-51.13026614819304,7.323676999999986
-27.6841719672972,-51.12520058093468,4.344456999999992
-27.68420564939439,-51.12517683864364,4.43329
-27.684223355666056,-51.13024152989375,7.125815399999996
-27.68423605057042,-51.12515390141525,4.461562599999993
-27.68427321023879,-51.12512571746621,4.563941499999999
-27.684284494550816,-51.130218675004215,7.084573299999992
-27.684309516496597,-51.125097311659125,4.724489699999996
-27.684344702728318,-51.13019603255077,7.163121000000007
-27.68434655692826,-51.12507206988487,4.711493000000006
-27.684379121554727,-51.12504973734992,4.356332000000005
-27.684406245648717,-51.130173947690736,7.255623300000014
-27.68441118246722,-51.12502559160905,4.331167999999995
-27.6844457968599,-51.12499834933537,4.586467700000011
-27.684468738739287,-51.13015248193639,7.339627700000012
-27.68448149522311,-51.12496742546368,5.005287000000007
-27.684517369118417,-51.12493374150554,5.271808000000006
-27.684531674799825,-51.13013086611376,7.415333000000003
-27.68455180760758,-51.12489726341148,5.281084500000008
-27.6845886936322,-51.12485863963351,5.46712000000001
-27.684595400063184,-51.13010702628599,7.388640399999989
-27.684624564262617,-51.12481820450763,5.6087847
-27.68465835983428,-51.13008295188926,7.192787599999985
-27.68466174089061,-51.12477760337588,5.7313169999999936
-27.68469969717903,-51.12473438345076,6.088791399999994
-27.684720069098088,-51.13006172509285,6.900723000000003
-27.684741451582862,-51.12468806328995,6.449692199999995
-27.68478091408621,-51.13004875665988,6.599549300000001
-27.684783386068784,-51.12464087893368,6.593160599999999
-27.68482498328593,-51.12459550437489,6.4853869999999905
-27.684839477576777,-51.13003511533285,5.965447
-27.68486526365932,-51.12455075110319,6.345905000000007
-27.68489137036325,-51.13001711040483,5.303563600000006
-27.68489943518739,-51.12451220643759,5.356991300000003
-27.68492692624229,-51.12448092694744,4.375060000000006
-27.68493738589382,-51.130000066296624,4.736024400000007
-27.684950065965094,-51.12445581754714,3.5081632000000074
-27.68496434292953,-51.12444111820637,2.18544
-27.684972588270707,-51.1244334104756,1.2496246000000013
-27.684977171031527,-51.12442896345766,0.6461533299999987
-27.68497809961483,-51.12998512132129,4.127217299999997
-27.684979352370227,-51.12442663623495,0.3591735999999991
-27.684986167631045,-51.1244198239324,0.998803899999999
-27.684999009492422,-51.12440574260073,1.9491272999999956
-27.68501376952884,-51.129973410604336,3.635864700000008
-27.685016010364063,-51.12438778818395,2.597383699999997
-27.68503493947182,-51.12437113888669,2.598282000000005
-27.68504482616824,-51.12996133418411,3.436761400000003
-27.685058083210357,-51.12436186829208,2.711712599999999
-27.68507433030262,-51.12994890149646,3.1030837999999976
-27.68508343174476,-51.12436449351098,2.8714100999999967
-27.685100713461328,-51.129939719067856,3.498449300000003
-27.68510627031293,-51.124372908525245,2.6584717999999996
-27.685126734521862,-51.1243880189608,2.711247700000001
-27.68513113318261,-51.12992895973757,4.698755699999996
-27.68514882843472,-51.1244093126198,3.216679800000004
-27.685172532994827,-51.12991812180266,4.903754699999992
-27.68517654772866,-51.12443769788974,4.123519999999998
-27.685206226250383,-51.12447010409478,4.592921999999991
-27.68521701608497,-51.12990501570289,5.211663199999989
-27.685239246097037,-51.12450787549821,5.228797400000007
-27.68526366071468,-51.12988447618481,5.033508299999995
-27.68527685072188,-51.12455176757853,5.985606999999999
-27.685305538322552,-51.12986385571273,4.420162699999995
-27.68531697243952,-51.124598499876,6.399227600000009
-27.68534188182794,-51.12984525699032,4.032982000000003
-27.68535879722861,-51.12464619262976,6.587071000000002
-27.685374819715943,-51.12983234012066,3.4365427000000013
-27.685396123951083,-51.1246914538515,6.085008000000007
-27.6854058033072,-51.12982419085253,3.2176976000000037
-27.685425627734205,-51.12472570481891,4.701347999999997
-27.6854336230628,-51.1298143584407,3.3788554999999914
-27.68545058980516,-51.124755804378495,4.063622000000006
-27.685465137906125,-51.12980016746689,3.3881390000000033
-27.68547686285859,-51.12478758954563,4.281203699999995
-27.68549418180945,-51.129788931946685,2.6530668999999993
-27.685507487958848,-51.124825703164255,5.083536999999992
-27.685517542458957,-51.12978112889499,2.022669799999997
-27.68553520727521,-51.12977503525203,1.0197100999999984
-27.68554313123154,-51.124870317305486,5.937519599999986
-27.68554450389656,-51.12977181041482,0.6683206599999996
-27.68555095059821,-51.12977023651148,0.8338329999999989
-27.685558780513173,-51.12976896265763,1.9800754999999988
-27.68557612936308,-51.12976367846182,3.447921000000004
-27.68558422298598,-51.12492192900206,6.819765999999994
-27.68560843589073,-51.12975905742068,4.166406999999996
-27.685630590281534,-51.124979574039465,7.653292699999988
-27.685646362968605,-51.12975671478054,5.395749000000011
-27.68567800844093,-51.125042101921146,8.115872999999992
-27.685693833230168,-51.12975302928658,6.081400400000006
-27.685722378767625,-51.12510216387039,7.693280999999992
-27.68573367729607,-51.13086123624184,4.229206599999999
-27.68574312395145,-51.13082429104125,3.5765369999999934
-27.685746446607247,-51.12974244958816,6.567087700000001
-27.68575502446737,-51.13090100081528,4.633156999999994
-27.68575854176973,-51.130791286754494,3.2157273000000037
-27.685759805071186,-51.125154208624416,6.579612699999993
-27.685775101201077,-51.13094531429328,4.526457300000003
-27.685780296848225,-51.130767799330734,1.8943960000000002
-27.68578899699165,-51.12519574570543,5.2126283999999865
-27.68579332747532,-51.13076191016146,0.8820578499999995
-27.6857942479887,-51.13075843976369,0.7244274600000007
-27.685794770193294,-51.13099056549977,4.687459499999992
-27.68579774067712,-51.13076127817328,0.01914791600000004
-27.68579946721033,-51.130756321014566,0.06124233999999995
-27.685801053311454,-51.13075719630778,0.027525377999999993
-27.68580137772245,-51.130758212128775,0.015370966999999975
-27.685801616296207,-51.13075602430943,0.006363507999999998
-27.685801959354425,-51.13075721212698,0.035424384999999906
-27.6858028771494,-51.129726301190864,6.622750999999995
-27.68580684125368,-51.125219490376686,3.0386267000000045
-27.685809039637487,-51.13075503380535,2.715672000000004
-27.68581526188673,-51.125230306394286,1.4016067000000012
-27.68581842042776,-51.13104296165647,5.112325699999996
-27.685820408586245,-51.12523766551842,0.9149912999999981
-27.685826062682555,-51.12524530314321,0.9737742500000008
-27.68583126424867,-51.12525269031053,0.9252510700000013
-27.685832892956903,-51.130744953652766,3.2705027999999965
-27.685843163685146,-51.12526728258399,1.9565346999999988
-27.685846039461477,-51.1310908157521,5.287231000000008
-27.685861207293797,-51.12971096470621,7.036482299999992
-27.685862244022378,-51.1307339767921,3.5292076999999926
-27.685865074811574,-51.125284792956094,2.962891300000001
-27.68588050913053,-51.131146957025074,6.016882000000006
-27.685892755610727,-51.130720240363054,3.7347280000000027
-27.6859012218652,-51.12529843889487,4.242233800000005
-27.685917763725087,-51.13120287633463,6.2621759999999975
-27.685922007128998,-51.12969395124554,7.367723500000008
-27.6859235562174,-51.1307082481767,3.852119000000002
-27.68594327826056,-51.12530001257102,4.642484700000008
-27.68595151052468,-51.13125825237821,6.600311999999998
-27.685955592418896,-51.13069461951259,3.6609966999999988
-27.68598417652718,-51.13131329938622,6.44029699999999
-27.685985583825463,-51.13067978243176,3.426752000000002
-27.68598657479112,-51.129677089757486,7.497200000000013
-27.68598733334961,-51.12529169484795,4.960362999999987
-27.6860160536366,-51.1313659336526,6.218654599999999
-27.68601832498203,-51.13067043834045,3.660011999999996
-27.686037523121342,-51.12527495498678,5.807373499999999
-27.686047782207307,-51.13141806064555,6.014385700000002
-27.68605059591945,-51.13066099847047,3.495678999999997
-27.686052155365186,-51.12965897812239,7.480809700000006
-27.68608020488853,-51.13146816908704,6.062716500000001
-27.686083055974294,-51.13065407632802,3.1857238000000034
-27.686091854145342,-51.12525292732682,6.425047400000003
-27.686110886166905,-51.13152091070644,6.176578999999993
-27.68611316217804,-51.13064839853831,3.4265237000000015
-27.68611756940501,-51.12964057313842,7.501140599999993
-27.686139251143462,-51.13157670851762,6.2750726000000006
-27.686144603135453,-51.1306349328963,3.3853139999999957
-27.686151879150213,-51.12522818238697,7.258510600000012
-27.686168941037984,-51.13163438872717,6.431661599999993
-27.6861745031324,-51.13062178315776,3.5013829999999957
-27.686183520079734,-51.129622977362565,7.36124229999999
-27.686198960485672,-51.13168943503827,6.468776700000001
-27.68620628640825,-51.13061112881358,3.739725399999998
-27.686215716989533,-51.12520409383908,7.5468793
-27.686230146586688,-51.13174549240634,6.504093000000008
-27.68623770556788,-51.13059779991757,3.7632568000000037
-27.686248132616377,-51.12960499308411,7.325492400000001
-27.686262296793902,-51.1317998376022,6.516178000000002
-27.686269471207748,-51.13058486766138,3.9411673999999977
-27.68628799310235,-51.12517829705415,8.13699299999999
-27.686295368844984,-51.13185391931773,6.488763299999996
-27.68630357000769,-51.13057290139476,3.9698520000000026
-27.68631287444765,-51.1295844315005,7.251027600000006
-27.686326364977266,-51.131906903860695,6.307005399999989
-27.686338197073503,-51.130560367689846,4.306536999999995
-27.68635547064229,-51.13195955045054,6.252604499999999
-27.68636231258612,-51.12515061477456,8.859286999999997
-27.68637501160603,-51.12956193729666,7.08128739999999
-27.68637514561481,-51.13054656641484,4.524163999999996
-27.68638540809236,-51.13201321053656,6.228379000000009
-27.686413534571955,-51.13053044776342,4.44368600000001
-27.68641534562747,-51.13206616880633,6.305690000000015
-27.68643381219728,-51.12953412091701,7.101647400000008
-27.68643748360948,-51.12512504429435,8.603775000000015
-27.686445797399745,-51.13212096806179,6.371226999999988
-27.68645089168094,-51.13051493144237,4.387316999999997
-27.686475810000672,-51.1321765330005,6.436669000000007
-27.68648919467672,-51.13050017646437,4.380156999999998
-27.68649245290294,-51.12950339276197,7.080139600000011
-27.68650561259953,-51.13223234611399,6.389319
-27.686509467304703,-51.12510044117208,8.268063999999988
-27.686526455149885,-51.13048402765977,4.326868499999993
-27.686534363359264,-51.13228804693909,6.28652699999999
-27.686550254148237,-51.129472468586506,6.959492999999992
-27.68656187318612,-51.13234055229018,5.998137499999993
-27.68656322324108,-51.13046687947276,4.4080776999999935
-27.686580825017423,-51.12507608363729,8.263565999999996
-27.686588688246783,-51.13239351661739,5.971087000000008
-27.68660176736768,-51.13045202854844,4.571246999999987
-27.68660703539972,-51.12944195346383,6.868465000000007
-27.686615195241743,-51.13244344335242,5.758399000000004
-27.68664027808624,-51.13249459628442,5.713685499999998
-27.68664034485045,-51.13043870320914,4.769960400000001
-27.68664973727126,-51.12505075655022,8.035124999999995
-27.686662822669557,-51.12941089057979,6.827432000000004
-27.68666375353183,-51.13254499574464,5.579061000000012
-27.68667999613135,-51.13042386486653,5.2808013000000065
-27.686687604907167,-51.13259294193552,5.3544264000000075
-27.68671602714358,-51.125024901631,7.774500399999994
-27.68671668188087,-51.12937740608802,6.791295500000007
-27.68671740493725,-51.132637672568286,5.5034570000000125
-27.68672418478545,-51.13040670012396,5.746447600000007
-27.686757815158916,-51.13267279030544,5.6730022
-27.6867715586626,-51.12934457799485,6.451670599999988
-27.68677336047537,-51.1303891729259,5.882781500000004
-27.68678082373372,-51.12500032768112,7.507591199999988
-27.686806092615225,-51.13269037052715,5.59870769999999
-27.686823761747227,-51.13037096753664,5.666775700000006
-27.686824000946075,-51.12931958202763,6.211382400000003
-27.68684350655383,-51.12497898859249,7.261714500000007
-27.686857264050225,-51.132690934759445,5.638437300000004
-27.686871799457464,-51.1303502070679,5.2665496000000065
-27.68687620397324,-51.129299820316405,6.055473300000008
-27.68690547552838,-51.13267452982073,5.52404000000001
-27.68690759288834,-51.1249544857607,7.370468599999989
-27.686915662399343,-51.13032995292848,5.105469000000014
-27.6869277355491,-51.1292774564717,5.67788839999999
-27.686949135712577,-51.13264528510837,5.553598000000005
-27.68695794437813,-51.13030959387226,4.490474000000005
-27.686971025218632,-51.12492850239726,7.496169600000001
-27.686971296617543,-51.12925064574573,5.2824350000000075
-27.686990441870467,-51.13261117084172,5.642413999999992
-27.686995667345496,-51.13029115888004,4.049410299999994
-27.68701099830138,-51.12921822197001,4.938294400000006
-27.68702855323055,-51.13027542271461,3.8045711999999985
-27.68703108723048,-51.12489380553399,7.424069000000002
-27.687032444519023,-51.13257766239797,5.687707999999995
-27.68704684778479,-51.12919261488861,3.9439451999999915
-27.687047008564637,-51.12313302973247,9.18803600000001
-27.68704818238949,-51.12303935080554,9.214351999999987
-27.687053692372025,-51.1232261317381,9.068219
-27.687058653723295,-51.13026554090877,2.908286599999997
-27.68706065660133,-51.12294568251847,9.307186
-27.687063750202288,-51.12331751533351,8.92010500000001
-27.687074105545168,-51.122849489464784,9.400344000000011
-27.687075790715728,-51.123407151518734,8.747442999999983
-27.687076053978792,-51.129170933008936,3.563947
-27.687076506218325,-51.132546093992985,5.776244000000009
-27.68708274687512,-51.12484647715245,7.342692000000017
-27.68708372670816,-51.130256945016654,1.9545316999999975
-27.6870890243284,-51.12349466905356,8.623466000000006
-27.687099719127072,-51.13025291523894,1.7218852000000018
-27.687102381471515,-51.1235809443866,8.640317999999986
-27.68710310213164,-51.12915258936161,3.6873456999999963
-27.68710931196794,-51.12276016499897,9.373545000000012
-27.68711534250785,-51.12366783332884,8.919467000000022
-27.68711555373183,-51.130247711310695,1.3046321000000025
-27.68712406355808,-51.13251820037063,5.919450800000002
-27.68712611050212,-51.124787581528444,7.554793399999995
-27.68712767921131,-51.12375769995663,9.241220999999998
-27.68713266473225,-51.1291341905911,4.8589044000000134
-27.68713443018052,-51.130239130198085,3.47251
-27.68714072931817,-51.1238506864531,9.784452999999987
-27.68715252967297,-51.12267624629491,9.509132000000015
-27.687153670092695,-51.123949150004016,10.31251099999998
-27.68715938875641,-51.12471625347965,7.8871629999999895
-27.6871639039523,-51.13022769444487,3.7530767999999934
-27.687165912604826,-51.124052972594754,10.493124999999987
-27.68717017420148,-51.13248910656776,5.796901
-27.687171982904847,-51.1291106679263,5.931360999999998
-27.68717955798308,-51.124158773799245,10.306370000000008
-27.687182516151108,-51.12463504094487,8.345704999999986
-27.687191985913728,-51.12426261715776,9.773510999999987
-27.68719613637773,-51.12454724649814,8.761830000000007
-27.68720015812607,-51.12436210708688,9.15429400000002
-27.687200883390076,-51.13021271089488,5.311319000000013
-27.6872018669307,-51.12259913463983,9.599422000000002
-27.68720229240604,-51.12445521498615,9.06176600000001
-27.68721090044264,-51.132459947275166,5.345964400000009
-27.68721728500839,-51.12907998728182,6.515482000000011
-27.687242568358457,-51.13243666126526,4.160734999999992
-27.687245757730352,-51.130193767117184,5.769362999999999
-27.68725334623718,-51.12251885730544,9.654870999999986
-27.68726570358972,-51.13242021182887,3.023502799999999
-27.6872687125094,-51.12904655561222,6.920295200000014
-27.68728634668028,-51.13240459768878,2.722595000000006
-27.6872961293226,-51.13017344041399,6.2142270000000055
-27.68730576547865,-51.12244168511822,9.577558500000007
-27.687307295159624,-51.13238984256565,2.678269999999998
-27.687323407004836,-51.12901126595986,7.2144375
-27.687332206823523,-51.13237385643976,3.1484705999999973
-27.687349817657168,-51.1301520038212,6.616310600000011
-27.687357013387366,-51.122365707718245,9.433174000000006
-27.68736203821024,-51.13235700123732,3.6671906000000067
-27.68737892430789,-51.12897335103243,7.224837999999988
-27.68739418031429,-51.13233937921032,3.9392880999999993
-27.68740534939037,-51.13012909132959,7.226223499999986
-27.687408566671845,-51.12229195584754,9.283087000000016
-27.687426967754647,-51.132318729642215,4.117150999999995
-27.687434226357933,-51.1289382502046,7.277817700000011
-27.687459929044376,-51.13229555623671,4.3308880000000025
-27.68746100728669,-51.12222174449111,9.189798999999995
-27.687467003163416,-51.13010294323528,7.764173499999998
-27.68748802358682,-51.1289020129714,6.976765999999999
-27.687493992979917,-51.13227295930567,4.342570000000008
-27.68751431747787,-51.12215060974887,9.194330000000013
-27.68752907436145,-51.13225363017612,4.3034587000000055
-27.687529630133422,-51.13007488940895,7.910354600000004
-27.68753995798796,-51.12886569881736,6.925585299999998
-27.68756769606857,-51.12207757740918,9.355085000000008
-27.687567929447585,-51.132244295670006,4.4016843
-27.68759343363912,-51.12883068106204,6.443694599999994
-27.68759535703727,-51.13004599573813,7.790624999999986
-27.687608803920728,-51.13224763763923,4.508842000000004
-27.68762319965588,-51.122003292994094,9.624223000000022
-27.68764805688816,-51.12880247848203,6.765219699999992
-27.687649208228,-51.13225759566871,4.555048999999998
-27.687662134981945,-51.1300190505416,7.638355299999981
-27.687678985223094,-51.12192506341439,9.931953000000014
-27.687692409357545,-51.13226630143451,4.552933699999995
-27.68770344893315,-51.12877322755991,7.3991356000000135
-27.687730858092127,-51.12999247039411,7.50617839999999
-27.68773738046512,-51.1218442217099,10.330312000000022
-27.687738621014645,-51.132261885340725,5.0362973
-27.6877636273446,-51.12873877714839,7.785589999999992
-27.68778700235923,-51.1322452980024,5.5383890000000005
-27.6877946086442,-51.129965682770745,7.573499999999997
-27.687798039264912,-51.12176060364858,10.691627000000013
-27.68782605493791,-51.12870188947804,7.749636000000007
-27.687837852170937,-51.132228246106486,6.004420800000002
-27.687858423984384,-51.12993612097216,7.0861190000000125
-27.687859949129628,-51.12167535267203,10.729087000000018
-27.68788612353413,-51.13219877422962,6.101599000000001
-27.68788854137749,-51.12866334623136,7.640268999999992
-27.68791719861428,-51.12990873984774,6.685579299999984
-27.687920880154746,-51.12158778861078,10.875206000000016
-27.68793624783952,-51.13216415542056,6.392105000000006
-27.687948462390285,-51.128623287458105,7.7011466000000075
-27.687972111461782,-51.12988351123286,6.628255999999999
-27.687982128202307,-51.12150320062998,10.873203999999989
-27.68798825833705,-51.132127583256114,6.622565000000006
-27.688007980310275,-51.12858086933836,7.6845200000000125
-27.68802577813197,-51.129861513513454,6.282889400000001
-27.688041443330643,-51.13208505699202,7.021479
-27.68804590269121,-51.121420135653246,10.865350000000014
-27.688068648377023,-51.128542748124566,7.658585000000008
-27.688080608655877,-51.1298380961978,5.893242400000002
-27.688093285997464,-51.132040104876175,7.195556000000008
-27.688109594493064,-51.12133631431392,10.942013999999979
-27.688128801503748,-51.12850414587847,7.681606299999999
-27.688130437154108,-51.12981836836032,5.964287800000003
-27.68814054216354,-51.13199886547082,6.752286400000002
-27.688171847501245,-51.12124906857791,11.090414000000008
-27.68818129874234,-51.12980036255125,6.139519700000005
-27.68818787947929,-51.13195645078554,6.837639999999998
-27.68818905966703,-51.128465610814686,7.847317999999982
-27.688234240879964,-51.12115506721744,11.520483000000011
-27.68823432744435,-51.12978173700578,6.197585600000013
-27.68823934835108,-51.13190903272884,7.387430999999995
-27.688251571036,-51.128428746621,7.822765399999988
-27.68828535098525,-51.12976233720975,6.314502700000004
-27.688295210031733,-51.13185468348066,7.894301000000012
-27.688298793215584,-51.12105681835144,12.06300000000001
-27.68831481556611,-51.12839426924614,7.77679699999999
-27.688337710893745,-51.12973967492954,6.131655000000012
-27.688351148609623,-51.131799933713786,8.170998000000019
-27.6883645931372,-51.12095300310584,12.545119999999999
-27.688378678092352,-51.12836125004629,7.70918129999999
-27.6883899142512,-51.129715612362375,6.086403399999996
-27.68840710422963,-51.131743435118345,8.191853000000009
-27.68842543123089,-51.12084811856932,12.297692999999986
-27.68843816362597,-51.12969057115721,5.490381000000006
-27.688442277755005,-51.12832802555928,7.593516300000004
-27.688460244145883,-51.13168509778277,8.197735999999992
-27.688479856932812,-51.12074426413926,11.952635000000004
-27.688482875378643,-51.12966718368667,5.0570993000000035
-27.68850463288112,-51.12829426486498,7.241532300000009
-27.68851411409392,-51.131627275784346,8.231115000000012
-27.68852366091352,-51.129646994868494,5.106065800000007
-27.688531564609583,-51.12063874418504,11.80999999999997
-27.688564445381022,-51.128262938730906,6.996928000000015
-27.688566528933528,-51.13157074728853,7.969041299999987
-27.688566937574773,-51.12963218311676,5.444685499999995
-27.68858019576569,-51.12053435246924,11.556559999999992
-27.688614631686978,-51.1296182488366,5.561383999999989
-27.68861808029388,-51.131517103306585,7.773291999999998
-27.688620777733416,-51.12822966688878,7.225260700000004
-27.68862309627213,-51.12043323601647,10.89617350000001
-27.688624300771384,-51.12036475848803,6.4113884
-27.688631961524564,-51.1204204226037,5.553828700000001
-27.68863494849286,-51.12029929670089,7.2049365
-27.688655716799087,-51.12046676263669,5.233626399999996
-27.688659057502807,-51.12022428779641,6.579765999999993
-27.688660017044683,-51.12033865736079,10.094618999999987
-27.688662508627985,-51.12959826134053,6.986495999999992
-27.68866646826328,-51.13146924412985,7.027150600000017
-27.68867543098239,-51.12818988507191,7.574317500000006
-27.68867968825201,-51.120162844294526,5.774466000000002
-27.68868321969765,-51.1205107164186,5.137334000000006
-27.68868934977818,-51.12025233810294,8.986724999999986
-27.688693443727622,-51.120111605298455,4.718197299999989
-27.68870561622208,-51.1314385176111,5.422767599999993
-27.68870698320133,-51.1200661584958,4.786921000000006
-27.688709268130967,-51.12018085166519,7.383750999999993
-27.68871029979649,-51.12055182326485,5.177744000000006
-27.688719586248254,-51.12001996569146,6.252250699999993
-27.68872261891156,-51.12958020974575,7.2479600000000035
-27.68872274044283,-51.12012546439765,5.521480999999995
-27.688734221452133,-51.12008218897019,4.388878999999991
-27.68873431012836,-51.11995879525054,7.969253999999987
-27.688734940003165,-51.12060092364346,5.651886499999997
-27.688735467906056,-51.128152633715295,7.552409600000003
-27.68874018649612,-51.13141225005256,4.679795000000009
-27.688746749522263,-51.12003649921415,4.703123600000011
-27.68875130077483,-51.11988028765566,9.474656999999986
-27.68875305804532,-51.12066259637954,6.2660822999999946
-27.68876427274636,-51.11998072081428,5.764840600000003
-27.68876554504331,-51.120728383624616,6.665823499999991
-27.6887682867206,-51.11978657043437,11.188980000000004
-27.688774207201277,-51.12079906134287,6.948513000000008
-27.688777503387552,-51.13138411028133,5.033818999999995
-27.688783405297432,-51.12086700756278,6.866256000000011
-27.688784888747904,-51.11991333614028,6.996240599999997
-27.68878511742634,-51.11967408982691,12.876601000000004
-27.68878563522633,-51.1295565823931,6.762730600000013
-27.68879254029397,-51.12093577152436,6.844366599999986
-27.688797314797903,-51.12811988661148,7.357421400000012
-27.688799801751248,-51.11954416394369,14.176492999999999
-27.688801149449347,-51.121005186871024,6.89131550000001
-27.68880858590468,-51.11983064706487,8.524487000000015
-27.68880876688322,-51.12107421314347,6.908235999999992
-27.688811016684397,-51.119400595274165,14.768131999999987
-27.68881586844721,-51.13134905443653,5.428154000000002
-27.688816731887243,-51.121143653294105,6.953472600000014
-27.68882035951124,-51.11925174650668,15.263713000000035
-27.68882572404819,-51.11909625413621,16.160063000000022
-27.688826015490704,-51.12121154968638,6.842535500000012
-27.68883018711893,-51.118931662842826,17.04545400000001
-27.688832371880725,-51.11973072198122,10.160068499999987
-27.688832851846534,-51.11875931957012,17.480258999999982
-27.688834404149137,-51.11858295603823,17.624158999999977
-27.688836803706334,-51.118405651675694,18.158441999999976
-27.688836955804163,-51.12127867880399,6.708629599999996
-27.688837450502977,-51.11822132133528,18.707263999999956
-27.688837533502014,-51.118031384581016,18.91534000000001
-27.688838208690203,-51.11783931129552,19.013044000000026
-27.6888397578892,-51.117646577049925,18.966257000000027
-27.6888402149446,-51.11706547752477,19.343730000000036
-27.68884023853935,-51.11726084135509,19.17603899999996
-27.68884081591189,-51.11745156179151,19.028532000000027
-27.68884134672077,-51.11686966792308,19.501706999999957
-27.688843207955063,-51.12953253818107,6.20494900000001
-27.688847802691363,-51.11667040000882,19.69462399999998
-27.68884917633545,-51.12134274964081,6.463987999999984
-27.688851827395656,-51.13130546685158,5.789030000000013
-27.68885389148554,-51.11961647151,11.464969999999996
-27.68885794705621,-51.12808833653944,7.154165300000006
-27.688862040056662,-51.12140733306246,6.472409000000004
-27.6888650552256,-51.11646822972065,19.481800000000018
-27.688869380558323,-51.11950416940817,11.184694000000015
-27.688874314056164,-51.121474718789614,6.728951000000008
-27.68887974642865,-51.119388082169706,11.48497799999998
-27.68888663958508,-51.12154545304411,7.046498300000012
-27.68888665141758,-51.119264523813264,12.191762
-27.68889126309924,-51.131258819322014,6.371811999999989
-27.688892108072277,-51.11913307271961,12.984527999999978
-27.688894776364663,-51.12951169803931,5.646637000000004
-27.68889538781711,-51.11899307569373,13.79789000000003
-27.68889854149116,-51.11884348161952,14.745879
-27.688901185937898,-51.12162030249308,7.508485299999993
-27.68890125445163,-51.118684607774775,15.64504200000003
-27.68890258673401,-51.11851686290777,16.519279999999984
-27.688903481851185,-51.118349336715255,16.50479900000003
-27.68890385394653,-51.11818220377612,16.48325
-27.68890443928178,-51.11801107236357,16.890795000000022
-27.688906188300976,-51.117834634733065,17.340149999999998
-27.688908050440237,-51.11627045567081,20.10160599999996
-27.688909057300304,-51.1176578522466,17.987910999999986
-27.68891015622167,-51.11747393820848,18.230184999999956
-27.688911343780823,-51.11709520907127,18.59671600000001
-27.688911766934744,-51.11728377829712,18.734901000000022
-27.68891433069287,-51.11691254215533,18.08972500000003
-27.688917518101597,-51.12805862043812,7.081384699999985
-27.688918063291556,-51.1217010889677,8.111364999999987
-27.688918278128227,-51.11673226254052,17.764961000000024
-27.688928003181,-51.11655353696688,17.67779700000004
-27.68893560898368,-51.12178239773831,8.218090999999987
-27.68893669008997,-51.13121251969764,6.785143999999987
-27.68894089819332,-51.129492287830445,5.2999095999999914
-27.68894867908333,-51.1163722918106,17.854847000000014
-27.68895363580636,-51.12186580118925,8.471933000000009
-27.68895915113375,-51.11607414138448,20.694447000000032
-27.68897092642345,-51.12195466985669,8.920090999999987
-27.688976533201284,-51.128030218059344,6.5394420000000055
-27.68898049247434,-51.13117317562697,6.25279469999999
-27.688984984454525,-51.11619616069404,18.018389999999968
-27.688986426258573,-51.12947197585193,4.594965000000001
-27.68898768521586,-51.12204761869278,9.411500000000016
-27.68900439444465,-51.12214181873162,9.398685
-27.689020930115404,-51.13114002489147,5.564083600000003
-27.689021820410925,-51.12223690745913,9.390642999999985
-27.68902534871464,-51.12945397555788,4.13558339999999
-27.689027795719912,-51.11587837021105,21.039093000000033
-27.68903138267797,-51.12232799751824,9.425889999999988
-27.68903197781926,-51.12800614825494,5.841589
-27.68903599320117,-51.12242520566559,9.410374000000017
-27.689036277809684,-51.11602160704694,18.11551299999998
-27.6890450749767,-51.12252027346312,9.207284999999986
-27.689055170773173,-51.12261259814788,9.022552499999987
-27.68905971516304,-51.12943731933901,3.908659
-27.689063255777064,-51.131108146049726,5.733499499999994
-27.689068122528447,-51.12269969971527,8.808946999999991
-27.68908247817052,-51.12278725110322,8.59562700000001
-27.689082531674988,-51.12798519905787,5.323510999999999
-27.689093739543907,-51.129422537316415,3.6316365999999976
-27.689098347091,-51.12286862634347,8.285815999999988
-27.68909984864109,-51.115847621219054,18.36629999999997
-27.689108251370573,-51.1310747944986,6.0884233
-27.689112467340056,-51.11568773506543,21.333595000000017
-27.689116656989444,-51.12295433046913,8.769187999999987
-27.68912504117462,-51.129409013941626,2.593991799999999
-27.689126664889606,-51.1279663689284,4.740850000000009
-27.689136990491377,-51.12304114271255,8.88278300000001
-27.68914694789,-51.12939854942798,2.3549519999999977
-27.689155136014488,-51.12312848829157,8.873474999999987
-27.68915722763838,-51.13103865966849,6.498292400000002
-27.689167085454557,-51.12795065783514,4.353170400000007
-27.6891690973925,-51.12938955656578,3.427166199999993
-27.689173302107086,-51.12321814159381,9.005845000000015
-27.68917436795116,-51.11567843543081,18.563456000000027
-27.6891897416523,-51.1233090409457,9.210624000000022
-27.689198662748407,-51.12937800972697,3.9790150000000026
-27.68920331317497,-51.12793494617636,3.1252729999999946
-27.6892034482352,-51.12340537903302,9.51233300000001
-27.689207919470963,-51.13099927915016,6.8167032999999835
-27.689212331072927,-51.11550299660285,21.679668000000007
-27.68921765230278,-51.12350189684004,9.669068000000015
-27.689229794835924,-51.1279236809221,2.326092499999995
-27.689231093350703,-51.12936521219497,3.9097269000000057
-27.689232137000072,-51.12359655780237,9.542392999999977
-27.68924609035628,-51.12368947684631,9.1768055
-27.689248868473317,-51.1279136511646,2.404661699999997
-27.68925890318188,-51.115513774298144,18.796679999999974
-27.6892597939254,-51.12377792584021,8.830961
-27.689260894861818,-51.130958046252026,7.16093799999999
-27.68926307344057,-51.12935308456328,4.242112599999998
-27.689268281829435,-51.12790498548209,3.3507270000000045
-27.689274035144397,-51.12386259827633,8.469097000000007
-27.68928792272317,-51.12394401583126,8.197446000000012
-27.68929739839845,-51.12789276636414,4.9268594000000085
-27.689300166340683,-51.12933609630091,4.9395447
-27.689301666984743,-51.12402532562223,8.176023500000008
-27.68931561755246,-51.12410823669519,8.335864000000013
-27.689318977838987,-51.13091171278607,7.721309000000011
-27.689324225760537,-51.11532254197263,22.02488100000002
-27.689328752150168,-51.12419127958628,8.405754
-27.68934064798095,-51.1278769967494,5.70070500000001
-27.689341203986636,-51.12427436978923,8.266183999999987
-27.689342462016214,-51.12931880057359,5.263263699999994
-27.689350628596408,-51.11535132848856,19.024599999999975
-27.68935315351305,-51.12435255612537,7.848189400000015
-27.68936485945546,-51.12442336348427,7.118059000000009
-27.689373471637296,-51.13086428349115,7.585087000000008
-27.68937629928541,-51.12448507198169,6.279313000000001
-27.68938598390813,-51.12929811090092,5.5857369999999955
-27.68938854750757,-51.1245371541426,5.255922000000001
-27.689394072831536,-51.12785425549487,6.433614
-27.68940217303083,-51.12457437699926,3.9930486999999926
-27.68941851537429,-51.12459777067848,2.8506122
-27.689427738791967,-51.13081880845208,7.690360499999998
-27.689432493050766,-51.12927597194204,5.939358700000002
-27.68943344361146,-51.12461111218399,2.0863096999999953
-27.68944035669953,-51.11514076569622,22.450139999999962
-27.689449050208164,-51.12783183985199,6.870163400000013
-27.68944949357124,-51.11519218419411,19.117310000000032
-27.68945329207347,-51.12462136024416,2.391025799999996
-27.689481629904577,-51.12925471399439,6.092295999999997
-27.689481665164838,-51.13077670068243,7.388989000000006
-27.68948719533966,-51.12462711093777,3.8177754999999975
-27.68950698792943,-51.12780396655678,7.209249999999998
-27.68952970670644,-51.12462026302514,4.707183999999995
-27.689531675353813,-51.13073851039424,6.844537700000006
-27.68953551094588,-51.12923583598029,6.391133000000002
-27.689557419074664,-51.11503890098631,19.363564
-27.689558056330828,-51.11495553419071,22.914987999999997
-27.68956883179908,-51.12777477514592,7.037388299999986
-27.689577480150657,-51.13069706609225,6.479211
-27.68958295258344,-51.12460683761664,5.978436499999998
-27.689589427012443,-51.12921609774558,6.507136299999998
-27.689618720334373,-51.130654739382045,6.109307299999999
-27.68962952740008,-51.12774803376686,6.791950699999997
-27.68964489362713,-51.12919519403339,6.485201999999995
-27.689648409695184,-51.12458884180699,7.041688000000011
-27.68965961249668,-51.13061223831812,6.024780299999987
-27.6896612723233,-51.11488258438916,19.83172399999995
-27.68968475480738,-51.12771921948853,6.540107300000003
-27.68968641676917,-51.11477387851358,23.45203399999996
-27.689700248779864,-51.12917426421635,6.542114299999989
-27.68970038785285,-51.13057195253833,6.021425199999999
-27.68971658593427,-51.12457035543516,7.376046999999982
-27.68973910507874,-51.12768927304907,6.468920000000014
-27.68974174394912,-51.13053571711418,5.908630399999994
-27.68975610597318,-51.12915388244608,6.602190500000005
-27.689759037079074,-51.11471717982349,19.79492600000002
-27.689780908221703,-51.13050220822404,5.437513399999998
-27.689787051948343,-51.124555063918905,7.853816000000015
-27.68979036582637,-51.12765164239438,6.567910700000003
-27.68981220238017,-51.12913198802021,6.843951700000008
-27.689817080966517,-51.11458632503268,24.503911999999982
-27.689817548140315,-51.13047238886221,4.983511000000008
-27.689841118485408,-51.127609439723415,6.7210979999999925
-27.689845382349574,-51.130450851637626,3.591069000000003
-27.689855787397853,-51.12454155738932,8.012385999999994
-27.68986590574469,-51.114552353602974,20.01056999999997
-27.6898687925208,-51.13043642197636,2.753178999999995
-27.68987045481858,-51.12910865413544,7.068467000000014
-27.68988532909572,-51.12755784528839,6.3756756999999915
-27.689885464508198,-51.1304261560208,2.0555846999999976
-27.68990597780028,-51.130414817268566,2.5216215000000037
-27.689921126948537,-51.12453004238016,7.300477500000016
-27.68992523230021,-51.127509658862536,6.120655499999999
-27.689930321732625,-51.129085334533,7.085962999999993
-27.689936609923,-51.13039941071708,3.740978999999997
-27.68994880256573,-51.11438707173967,25.512583000000003
-27.68996336923183,-51.12746286391288,5.906841299999997
-27.68997239506885,-51.13038182090682,4.262468300000007
-27.68997439595621,-51.12452510609533,6.087271999999993
-27.689974634054952,-51.11438779033618,20.195167999999978
-27.68999049503406,-51.12906218226173,7.216950399999984
-27.68999703240061,-51.12741544549412,5.6422906000000115
-27.69001323291978,-51.130361754035086,4.917358400000008
-27.690017365136686,-51.1245270717227,4.563408999999994
-27.69002840822419,-51.12736930732661,5.3305425999999985
-27.690047169576115,-51.12453338833363,3.289496400000001
-27.690052527054497,-51.12903847511054,7.246720299999994
-27.69006020577902,-51.13033846870265,5.664247499999991
-27.690061468799342,-51.12732800263481,4.749297000000009
-27.690066537818076,-51.12453718109381,1.3898978
-27.690076662235427,-51.124544467962615,1.727310100000001
-27.690079572442997,-51.11422661427213,19.769508000000034
-27.69008537574981,-51.114179007667865,26.054426000000007
-27.69008543719252,-51.12456257587333,2.147506999999997
-27.69009979617361,-51.12459472959156,3.996836400000005
-27.69010096990796,-51.12730307738743,4.144480999999998
-27.690109516328057,-51.124642334460525,4.361290499999996
-27.69011068311013,-51.13031401856443,6.063737999999992
-27.69011235043359,-51.12468784561275,4.639633699999994
-27.690114377867385,-51.12901468601773,7.1241207000000095
-27.69011511565542,-51.12473422952508,4.99922900000001
-27.690116939174533,-51.12479044484464,5.4040780000000135
-27.6901207703404,-51.12484376119031,5.468344000000001
-27.690133872077304,-51.124891739047264,4.860178500000006
-27.69013585574539,-51.127318133067504,3.8799639000000057
-27.69014872700792,-51.12494345817449,3.4799666000000062
-27.69016180316243,-51.13028740611765,6.279711199999996
-27.69016762882198,-51.12733469542325,3.915653200000005
-27.69016882227707,-51.12496298848792,3.047147300000004
-27.69017478454359,-51.128990312087,6.588728999999987
-27.690185800206685,-51.11406425451331,19.528853999999967
-27.69019140794294,-51.12736396719304,4.398063999999992
-27.69019224435119,-51.1249812828433,3.453144000000005
-27.690210259620585,-51.12740335244961,4.985666999999991
-27.690213780859985,-51.13025406212933,6.626240299999993
-27.69022392190242,-51.125001166289614,4.082298299999994
-27.69022483921937,-51.113966305707386,26.544661999999963
-27.690225342628768,-51.12745084781224,5.350756600000006
-27.690230822835595,-51.12896706983958,5.873901400000011
-27.690239840084462,-51.127502298380215,6.027662000000003
-27.690256262433127,-51.12756023757924,6.5047580000000025
-27.69026569632021,-51.12502232241098,4.883788600000002
-27.69027037803292,-51.13021900752327,7.182544000000006
-27.69027429956673,-51.12762274505594,6.566196400000001
-27.690280427653395,-51.12894587099673,5.189741599999994
-27.69028485612245,-51.11390852341642,18.97716500000001
-27.690292535133796,-51.12768585983886,6.260549500000013
-27.69030918842562,-51.12774537305828,5.954866400000011
-27.69031218881324,-51.125044270953005,5.538010600000006
-27.690324495109216,-51.1289270425658,4.552835500000003
-27.6903264864562,-51.127802343070414,5.986880000000002
-27.69033211266717,-51.13018579351112,7.579832000000008
-27.69034597522655,-51.12785926492029,6.121434700000006
-27.690360891226454,-51.12506516188564,5.86015750000001
-27.690363363325503,-51.128911436901525,4.170618999999992
-27.690365776241208,-51.11374786377304,26.673843000000023
-27.69036806435587,-51.12791556225349,6.812059999999985
-27.690382595707582,-51.11376041195367,18.515161999999968
-27.690391971274725,-51.12797862928116,7.005717799999996
-27.690393617581204,-51.13015405596285,7.547157299999989
-27.690399382040667,-51.12889711224195,4.177631000000005
-27.690409583205216,-51.12508969432759,5.915142500000001
-27.690414610981023,-51.1280455142098,6.971216000000016
-27.69043548032453,-51.12888433337366,2.7486326999999995
-27.690453699798123,-51.130122119362646,7.403812000000008
-27.690457869231505,-51.125112720769046,5.977334000000002
-27.690459263314544,-51.128875952835465,2.0763560000000023
-27.690477831190385,-51.12886955142351,2.1587076000000054
-27.69048039655081,-51.11361049905548,18.450321000000017
-27.690496977898505,-51.12886225222096,3.0176190999999957
-27.690507466408928,-51.11352851579963,26.42727299999996
-27.690508988973665,-51.12513451803995,6.014652300000003
-27.69051248717955,-51.130089676352654,7.271007000000014
-27.690523904166337,-51.12885155209808,4.353490000000007
-27.690542058060064,-51.12841589176983,5.210046300000037
-27.690559785881923,-51.128465468665546,5.275726299999987
-27.69055989573847,-51.12515477717051,5.961143500000002
-27.69056094175177,-51.12883675263899,4.85467
-27.690570938685084,-51.13005746140951,7.259035599999987
-27.69057494677812,-51.12851561302015,5.722253000000011
-27.69057842710857,-51.11346103644701,18.53749500000002
-27.690590180663825,-51.12857117752544,5.2672650000000045
-27.690601869223386,-51.12881742128136,4.857382299999995
-27.690604651202776,-51.12862258596843,4.737592699999994
-27.69060993569274,-51.12517430079281,5.899436999999997
-27.690620285278158,-51.128668541748524,4.037201999999994
-27.69063253693052,-51.13002397144703,7.6100845
-27.69063486156209,-51.12870668609602,3.7359761999999974
-27.69064261888019,-51.12880113649363,4.91569299999999
-27.690648665031592,-51.12874215067704,3.4360249999999932
-27.69065075439626,-51.11331371434273,26.073171999999932
-27.690660927786052,-51.12877544930133,2.8776537999999987
-27.690662834292773,-51.12519556140786,6.18777
-27.69067137142371,-51.12880552177947,2.259037699999995
-27.69068043142244,-51.12882895184202,1.5806859000000006
-27.690681114515517,-51.113310990309785,18.586909999999992
-27.69068487080456,-51.128785052946256,5.166358000000002
-27.690685233062123,-51.12884569825789,1.3226084000000038
-27.69069025724861,-51.12885865486252,1.6783116000000005
-27.69069542415841,-51.12887641164682,2.8642079999999988
-27.69069610155332,-51.12998920477829,7.839489500000011
-27.69070493574777,-51.128905800736064,4.772447600000007
-27.69071914845082,-51.12522150573955,6.671583000000012
-27.69071935964802,-51.12895277862014,5.559803999999989
-27.6907287210622,-51.128767973444354,5.4246655
-27.69073637180185,-51.12900501841226,5.637812600000002
-27.690756185892926,-51.12906344699918,6.843943599999992
-27.6907597594745,-51.1299564614278,7.778874399999986
-27.69077537133202,-51.12874959386027,5.9765153
-27.69077840302231,-51.12524627089346,6.972768299999992
-27.690778927466805,-51.1291284210272,7.383953600000009
-27.690789515950872,-51.11316418000567,18.663577999999973
-27.69080129145872,-51.11311052215348,25.80155
-27.690802598116605,-51.12919880205326,7.478523999999994
-27.6908199990554,-51.12992699127733,7.304715999999993
-27.690826433014166,-51.12872972779936,6.414666699999999
-27.690826708635026,-51.12927005246819,7.599012399999995
-27.69083646252389,-51.12526942837545,6.810373300000004
-27.690850973697824,-51.129342288127454,7.886092999999989
-27.69087299949368,-51.12941847158465,7.906821700000014
-27.690874055556137,-51.12989837645759,6.618944599999999
-27.69088065322255,-51.12870565890119,6.806637000000013
-27.69088937066156,-51.1252937408572,6.330140600000005
-27.690897694690307,-51.12949409052224,7.484192000000006
-27.690903828721527,-51.11302517287108,18.643485999999985
-27.69091863820412,-51.12987242768181,5.583398999999989
-27.69092258099668,-51.1295647993704,6.898926999999992
-27.690938204584725,-51.125315817034405,5.852622500000003
-27.69093964670769,-51.12868288508548,6.819473300000016
-27.6909454078719,-51.12962974927133,6.1774253999999935
-27.69095181043621,-51.12983943698216,4.935413400000004
-27.69096249574402,-51.11292200898952,25.516458999999976
-27.69096601965365,-51.12968822809167,5.687450399999992
-27.690971182205445,-51.12979676825681,4.728568999999994
-27.69097731270346,-51.12974484130925,5.129615
-27.69098580922963,-51.125336910014894,5.6336546
-27.690997263338343,-51.12865830576624,6.784113000000007
-27.69102542760793,-51.11289631634395,18.625330000000027
-27.69102914397315,-51.125359897166526,5.199288000000011
-27.691056930039448,-51.12863330278741,6.784312999999998
-27.691070131551424,-51.12538204163782,4.978214999999991
-27.691111779091404,-51.12540315187552,5.0144700000000055
-27.691114365227307,-51.128607364148685,6.8333153999999885
-27.691136251153026,-51.112751456208805,25.177865999999998
-27.691155284963703,-51.11277637725738,18.540514000000027
-27.69115533916337,-51.12542401219031,5.223571300000002
-27.691172947482663,-51.12858469552176,6.4045740000000135
-27.69120205594925,-51.12544331842425,5.517329000000007
-27.69122749154345,-51.128563495678016,6.096551399999998
-27.69125133003553,-51.12546600295256,5.908421499999994
-27.691279634960683,-51.12854260348976,5.632885999999996
-27.69129095312487,-51.11266623915963,18.468566999999954
-27.691304205356992,-51.12548588869918,6.169863699999995
-27.691321595827347,-51.112603575458266,25.030819999999963
-27.69132726967564,-51.12852334996957,5.124710999999994
-27.691360294186403,-51.12550435905042,6.439251000000009
-27.69137051755195,-51.12850352005837,4.608700800000005
-27.691410254101044,-51.12848622561969,4.016647999999993
-27.69141457203945,-51.12552411990731,6.362867400000016
-27.691431972878192,-51.11256841762607,18.358310000000024
-27.69144562193717,-51.128475501923006,3.8973235999999942
-27.69146286755182,-51.12554293185196,5.686186299999992
-27.69148066545328,-51.12846473795311,4.1044625999999935
-27.69150323629541,-51.1255597163485,4.754019299999993
-27.691517420989005,-51.12845357600752,3.7777735999999935
-27.69151774889549,-51.1124784503464,25.01936299999993
-27.691530823852663,-51.1255701834227,3.243438700000007
-27.691547690871698,-51.125577031082365,1.9866321000000013
-27.691548754258093,-51.12843704754344,3.485156299999993
-27.69156203046234,-51.12558355767217,1.660009300000002
-27.691575507476024,-51.12558938182899,1.6197581000000016
-27.69157719232961,-51.11248179181245,18.29635400000002
-27.69157871825804,-51.12842092754745,2.9283835999999983
-27.69159125500337,-51.12559524977198,1.8432216999999964
-27.6916020171864,-51.128405180107,2.8090227000000074
-27.69161210755228,-51.12560107101287,2.392126999999995
-27.691619344225558,-51.128384587203655,2.447192999999999
-27.691632853623293,-51.12836540805465,2.0049621999999965
-27.691637706952708,-51.125607916917374,2.901669000000002
-27.691640987209663,-51.12834672310644,1.8308510999999976
-27.691646549208286,-51.12833552887123,0.8133123499999997
-27.691647369948463,-51.12833116239774,0.8697549999999988
-27.69165007103568,-51.12832237316088,1.4964346999999996
-27.691659326209155,-51.128299357673534,3.344255400000004
-27.69166828621608,-51.125617747277566,3.553832800000005
-27.691670166619687,-51.1282700355932,4.3612967000000085
-27.69168606124064,-51.12822995888424,5.797363000000008
-27.69170313850531,-51.12562868052722,4.022428999999993
-27.69170517863939,-51.12817486320807,6.651344300000004
-27.691724151668545,-51.112374591764365,25.226093000000038
-27.69172586370731,-51.12811214842038,6.973558400000001
-27.69172665176583,-51.11240599437094,18.257462999999976
-27.69174188297902,-51.12564263379788,4.518862000000009
-27.69174590308814,-51.12804385263165,7.165563000000012
-27.69176456193515,-51.12797531483421,7.468280000000011
-27.691787257930653,-51.12790484926435,7.29594799999999
-27.691787941617594,-51.12566404243318,5.553546999999992
-27.69180929286312,-51.12783394373384,7.144089699999996
-27.691829440725808,-51.12776745021216,6.848664999999991
-27.69183859522513,-51.12569072781306,6.202193000000002
-27.69184998726898,-51.12770174090835,6.752909699999999
-27.69187039581492,-51.12763673519457,6.780690000000008
-27.69188067278033,-51.11234101205018,18.213569999999955
-27.691889832856287,-51.12757133829381,6.743336
-27.69189069713744,-51.12571862478279,6.3826003
-27.69190950077513,-51.127506996366776,6.96788900000001
-27.691929492189715,-51.12744022026292,7.375417
-27.69193876427701,-51.112288041600976,25.645951999999998
-27.691940791447248,-51.1257458340906,6.128449999999999
-27.691951908935145,-51.12737022038849,7.151932200000002
-27.691972806627685,-51.12730188008376,6.7653639999999875
-27.69199064947296,-51.12576715074496,5.879492299999998
-27.691992230237144,-51.12723742514509,6.2319627000000075
-27.69200977342552,-51.12717730421416,5.456931000000002
-27.69202574815821,-51.12712524636191,4.470934
-27.692036818097414,-51.11228425716671,18.16715199999999
-27.69203896627685,-51.1270829260324,4.001140000000006
-27.69204095957523,-51.125787261778,5.910789500000002
-27.69205116172421,-51.12704538856814,4.025230000000005
-27.692066098987585,-51.127007599880194,4.999084999999991
-27.692085604751885,-51.12696208418028,6.342078000000006
-27.692092488180453,-51.12580801596058,6.0488996999999936
-27.69211021481819,-51.12690420428388,6.9691342999999915
-27.69213167750146,-51.12683693431043,7.281899500000006
-27.69214556584671,-51.125828796962224,6.2325563000000095
-27.692154073301328,-51.12676645391744,7.487949999999992
-27.692159769672084,-51.1122117346936,25.996677000000044
-27.692177782971186,-51.12669534375129,7.65339500000001
-27.692194618990005,-51.11223205293719,18.193269999999988
-27.69219910900429,-51.126620818897486,7.7279296000000075
-27.69219929025411,-51.1258500515259,6.284958999999995
-27.69221668473044,-51.12654579571467,7.764127000000002
-27.692239647066387,-51.12646810755982,7.593486299999996
-27.69225110918529,-51.12587319123203,6.149376999999998
-27.692261767715696,-51.12639576200767,7.198165399999994
-27.69228376500625,-51.126327212393775,6.804659000000007
-27.692304116179827,-51.12589758689488,5.394053499999997
-27.692304496341084,-51.126264236418976,6.295798999999992
-27.692323840777195,-51.126205842956594,5.896494999999999
-27.69233402148641,-51.12591623507837,3.791240200000003
-27.692344199800424,-51.126156486619415,5.093543500000007
-27.69235249558347,-51.112181542133214,18.197498
-27.6923544464366,-51.125929730932086,2.5660507999999997
-27.692361292883344,-51.12610960253953,5.056908000000008
-27.69237090277265,-51.12594326013461,2.254162299999997
-27.69237642339579,-51.12606342484156,4.09080169999999
-27.692381439835657,-51.12595782608794,1.9763273000000012
-27.692384820614965,-51.11213586494881,26.116152000000042
-27.69238688461067,-51.12602389283953,2.984412399999997
-27.692388510554466,-51.1259739253113,1.808754599999996
-27.692390259802117,-51.12599402791852,1.9229583000000028
-27.692510026100816,-51.11212996494785,18.215952000000012
-27.692610510631354,-51.11205978981205,26.015583000000014
-27.692668733839977,-51.11207876480237,18.269148000000026
-27.69282860854593,-51.11202720938349,18.33422300000002
-27.692835271849468,-51.11198691588547,25.872422999999976
-27.69298856807152,-51.1119749448151,18.441289999999984
-27.693057781270472,-51.111914346738295,25.79437300000001
-27.693149899650425,-51.111922874337374,18.58039000000003
-27.69328137211752,-51.1118395549301,25.783626999999974
-27.6933115273901,-51.11187140133256,18.669765000000037
-27.6934722547239,-51.11182075194842,18.55212200000004
-27.69350447219864,-51.11176874535563,25.926800000000018
-27.693632237292245,-51.11176928939128,18.456003000000006
-27.69372819699542,-51.11169524872936,26.335507999999987
-27.693792262993703,-51.11171706774461,18.497699999999956
-27.693952572732844,-51.11166412427113,18.49900000000002
-27.69395599872122,-51.11162098862248,26.66667700000002
-27.694111894380278,-51.111613567888256,18.39689300000003
-27.69418905390272,-51.11154622167607,26.85112600000002
-27.694272506840584,-51.1115678663031,18.406956000000022
-27.694425642236617,-51.11147172878467,26.782885000000043
-27.694435709863896,-51.11152435774907,18.614964999999987
-27.694601219232187,-51.11147981581985,18.88436099999996
-27.69465739100737,-51.1113996368739,26.874479999999963
-27.694769733889867,-51.11143125442708,19.347011999999964
-27.694894023727,-51.111320310973376,26.76210200000001
-27.69494168448679,-51.11137846717611,19.76843600000002
-27.69511555285025,-51.111321079015816,20.128519999999984
-27.6951252745428,-51.111244771570455,26.570883000000002
-27.69529200819284,-51.11126125560538,20.464396999999973
-27.695355363179623,-51.11116948429719,26.376568
-27.695469759855342,-51.11120111386389,20.607216000000054
-27.695584216698222,-51.1110984798368,25.970556000000037
-27.6956480933257,-51.11114201091461,20.64055800000004
-27.695811786484477,-51.11103316672865,25.667856000000025
-27.69582720278363,-51.11108691095081,20.580476999999977
-27.69600689757212,-51.111039983442346,20.46934099999999
-27.69603942698736,-51.11098155939911,25.508295000000043
-27.69618809634433,-51.11100547176856,20.356939999999952
-27.696268474372378,-51.1109511929987,25.382549999999984
-27.69636998198517,-51.11098448817185,20.262768000000037
-27.69649846958751,-51.110939904677686,25.20404400000003
-27.696552164850797,-51.11097796236526,20.227838999999957
-27.69672872285922,-51.1109453223952,25.38775299999998
-27.69673412396353,-51.110984720692144,20.199037999999977
-27.69691531570509,-51.11100299847537,20.175163000000055
-27.69695660660224,-51.11096581487512,25.435883000000057
-27.69709518915764,-51.11103043596115,20.15117000000004
-27.69718157826868,-51.11100316804431,25.36370299999999
-27.697274502777287,-51.111065409568894,20.151712000000035
-27.697406475490844,-51.11105312564004,25.288774000000057
-27.69745232574791,-51.11110671420501,20.10826900000002
-27.69763050708333,-51.11115055454873,20.22167399999995
-27.697630541314,-51.1111094786114,25.270600999999996
-27.697809379437487,-51.111193819490886,20.30040400000003
-27.69785403741255,-51.11116695533898,25.079254000000038
-27.69798866522742,-51.11123603360061,20.31223300000005
-27.69807527439549,-51.11121942470903,25.041964000000004
-27.69816770223624,-51.11127804481711,20.301928000000036
-27.69829592809505,-51.11127300319421,25.036474
-27.698346627879392,-51.11131752084242,20.214666000000033
-27.698518289617063,-51.11131756363607,25.04735799999998
-27.69852605154162,-51.1113528704536,20.19581599999997
-27.69870707644049,-51.11137883942399,20.265014999999963
-27.698742291106896,-51.11135224168939,25.02396200000003
-27.69889001024286,-51.11139337831755,20.368670000000023
-27.69896786115263,-51.11136700846795,24.927655999999992
-27.69907481373665,-51.11139579905317,20.525092999999973
-27.69919309857036,-51.11136159029365,24.885969999999993
-27.699261588012405,-51.11138579017661,20.743948000000028
-27.699416328859044,-51.11133593258994,24.978125000000045
-27.699448989285656,-51.111361135647286,20.955752999999977
-27.699637134919094,-51.11132304504129,21.230696000000034
-27.69963837308675,-51.11129195046786,25.20526299999998
-27.699824225525145,-51.111271022326704,21.385690000000025
-27.699859909786312,-51.111230023136784,25.37356399999999
-27.700007551754823,-51.11120594752217,21.33931200000002
-27.70007805315765,-51.11114530219799,25.42195899999997
-27.70018702968505,-51.1111268499372,21.407733999999945
-27.700289408073324,-51.11104556912503,25.433973000000005
-27.700363680643846,-51.11103368543832,21.661286999999955
-27.70049368394716,-51.11093032069285,25.452766000000018
-27.70053627475951,-51.11092616009355,21.91968300000003
-27.70068779715513,-51.11079373164933,25.474117000000028
-27.70071504007259,-51.11081570152093,22.037258000000005
-27.700867966491227,-51.110643344149146,25.539020000000015
-27.700875425438483,-51.11067763647271,22.073930000000015
-27.701027080312222,-51.11052777218176,22.30961399999999
-27.7010406421918,-51.11047582206709,25.58595500000001
-27.70117557242888,-51.11037248488762,22.40819200000003
-27.70120379611636,-51.11029110746493,25.476555000000015
-27.70132192460288,-51.1102156848467,22.49175999999994
-27.70136781626714,-51.110104507133606,25.36404200000001
-27.70147482512928,-51.11006270745734,22.607576000000037
-27.70153331196306,-51.10994098834783,24.95696799999997
-27.701632467280387,-51.109915309392406,22.787033000000022
-27.701713853220987,-51.109788893105,24.83155299999999
-27.70179809120405,-51.109781673737615,22.725294000000012
-27.70190489115428,-51.10966420449051,24.625133999999935
-27.701970775860364,-51.10966005057199,22.66897799999999
-27.70209966410149,-51.109546135096906,24.84375
-27.702152784199683,-51.10955401662982,22.75597999999996
-27.702304454835648,-51.10944463662889,25.018438000000025
-27.702341142827976,-51.10946493903085,22.807272000000008
-27.70251954368504,-51.10936139580503,25.07595999999998
-27.702537054033797,-51.10939147801763,22.874872000000025
-27.70273715525731,-51.10933702720726,22.915672000000036
-27.702739175527565,-51.10930189194247,25.028163999999983
-27.70294084457781,-51.10929965855939,22.927267000000025
-27.7029623834324,-51.109264712349066,24.841210999999966
-27.70314738429024,-51.10927979936351,23.01092999999996
-27.703186797613157,-51.10924538827052,24.331371000000026
-27.70336187269838,-51.10926070946694,23.087792999999987
-27.703407398895106,-51.10924387050103,24.08637399999998
-27.70357258673669,-51.10927548096447,23.397437999999976
-27.70362393714765,-51.10926445693104,24.12144500000003
-27.70378169878789,-51.10930937568549,23.37660000000004
-27.70383589316286,-51.10930629421878,24.110084999999984
-27.70398870751,-51.109354737659984,23.264057000000022
-27.7040487872571,-51.10935354792514,23.82157299999999
-27.70419569877851,-51.10939559995795,23.109300000000033
-27.70426318314172,-51.109394343216174,23.77556599999999
-27.704403759136863,-51.10942170506833,23.02554499999998
-27.704479902648988,-51.10940239741794,23.165885999999972
-27.7046096046652,-51.1094294551172,22.827001999999997
-27.70468898176785,-51.1094014319869,23.119674999999965
-27.704815174590127,-51.10941597576932,22.762147999999996
-27.70489639869644,-51.10937726299949,23.35067
-27.705018854010127,-51.10937866749885,22.76395199999999
-27.70510270131625,-51.10933184172124,23.55992299999999
-27.70522011633058,-51.10932284467571,22.894449999999978
-27.70530778746676,-51.10927327117931,23.809228999999974
-27.70542109666481,-51.109260716550665,23.00765199999998
-27.70551387169865,-51.10920778213818,23.950869999999977
-27.7056225851249,-51.109199159506765,23.153276
-27.70572028545625,-51.109142398251954,23.953712
-27.7058254678414,-51.10913617412759,23.318297999999984
-27.70592810722497,-51.10907637011629,23.86933700000004
-27.70602947804554,-51.10907343610807,23.426044000000005
-27.70613575885501,-51.10901404563867,23.761222999999976
-27.70623312857524,-51.10900787371169,23.485988999999986
-27.706341588181367,-51.1089520017828,23.601742000000012
-27.70643453177039,-51.10894385253648,23.27441799999998
-27.70654669954112,-51.10888792086342,23.53864300000002
-27.70663498467423,-51.10888193764375,23.070250000000016
-27.70675110625953,-51.10882458998344,23.461283000000048
-27.70683301595085,-51.10882121400198,22.87212799999998
-27.70695681816651,-51.10875495889409,23.694138
-27.707030159070037,-51.10876272167959,22.69502000000006
-27.707164013790496,-51.10869577408579,23.731270000000027
-27.70722521777469,-51.108703984401885,22.44942300000002
-27.707371578910976,-51.10863636157195,23.78968000000001
-27.707418333591452,-51.10864739262419,22.17510999999997
-27.707580088661476,-51.10858145599615,23.754562000000035
-27.707611388138915,-51.10859837911645,21.93891099999999
-27.707791583482344,-51.1085402314982,23.81847599999996
-27.70780511313312,-51.10856356062212,21.669834000000016
-27.707997178523406,-51.1085417637696,21.41772300000002
-27.708006442084937,-51.108513749590266,23.814949000000034
-27.70818792777025,-51.10852635801703,21.17202999999997
-27.70822295578965,-51.10849404452741,23.83574500000001
-27.708376203427147,-51.10851346471886,20.93999899999996
-27.70843873067609,-51.10848235365936,23.802566999999996
-27.708562895038146,-51.10850042525927,20.750017000000025
-27.70865354533006,-51.10846475019781,23.783955000000027
-27.708748180840843,-51.1084826005041,20.585622999999956
-27.708867334781825,-51.10843900918488,23.75534
-27.708931292684188,-51.108455551512336,20.463222999999974
-27.70907827810673,-51.108397119680674,23.81763600000003
-27.709118543723395,-51.10843029042689,20.340136000000026
-27.70928704738509,-51.10833886012037,23.79046799999999
-27.709295182969186,-51.10838159952591,20.304200999999967
-27.70946975225113,-51.10832001522136,20.315624000000028
-27.70949277844541,-51.10826392917193,23.512269999999987
-27.70964005248169,-51.10824677102397,20.36408200000004
-27.70968844544364,-51.1081722275429,23.194520000000008
-27.709808332758577,-51.10816258435488,20.45074
-27.709873977176784,-51.10807553330127,22.933006000000006
-27.7099723952133,-51.10806530818177,20.586859
-27.710056066984297,-51.10796565581875,22.837078000000016
-27.71013017160212,-51.10795555606101,20.783224000000008
-27.710227670945272,-51.10784012901462,22.441221000000027
-27.71028456294185,-51.107835003663695,20.986470999999984
-27.7103903875681,-51.10770411943732,22.401613
-27.710435356205306,-51.10770130607672,21.227973999999957
-27.710543515167693,-51.107555324297465,22.611121999999995
-27.71058181496265,-51.10755579501606,21.57598099999997
-27.710688581061717,-51.10739467691196,22.98781800000002
-27.710721704958008,-51.10739905817136,21.658042999999957
-27.7108324042643,-51.10721591375368,23.14882900000001
-27.710855005651037,-51.10723551135823,21.87605699999996
-27.710967480690613,-51.10703591950296,23.72268000000001
-27.710981626101795,-51.10706365981586,21.947122999999966
-27.71109963367946,-51.10684679424659,24.105986000000026
-27.71110230248016,-51.10688670599663,22.042472999999976
-27.71122233085988,-51.10670849048039,22.07708499999995
-27.711231906902757,-51.1066538414329,24.550488000000005
-27.71134189718128,-51.10652951273485,22.136148000000034
-27.711366025517133,-51.10645468804223,24.83620599999996
-27.71146266603584,-51.10634908777864,22.238025999999994
-27.711500496025984,-51.10625508317987,24.797710000000002
-27.711584448181373,-51.1061680818116,22.363112999999938
-27.71163440719113,-51.10605551961663,24.650892000000063
-27.71170611051983,-51.10598509201178,22.487272000000015
-27.711767912369908,-51.10585751212695,24.46626
-27.71182826522868,-51.105801535421335,22.66616599999998
-27.711900451094436,-51.10566187679655,24.30565800000003
-27.71195154818907,-51.10561575583615,22.829175999999997
-27.712032184420583,-51.105467348096695,23.967460000000003
-27.712076869930648,-51.10542981091952,22.999283000000055
-27.71216488749321,-51.1052725860996,23.787835999999974
-27.71220228381202,-51.10524288100634,23.12999199999998
-27.71229536659618,-51.10508080883257,23.494779999999995
-27.71232806221364,-51.10505493743168,23.22286400000001
-27.7124231924148,-51.104891063137664,23.26962699999998
-27.712454998113746,-51.10486645074084,23.277009999999986
-27.71254735176252,-51.10469987663559,22.814822999999997
-27.71258109284322,-51.10467629675435,23.371109
-27.712670327431216,-51.10451367121899,22.735695000000014
-27.71270852319836,-51.10448608356847,23.453526999999973
-27.71279218177233,-51.104328747674366,22.50437400000005
-27.712836568232525,-51.104294943293766,23.512310000000028
-27.71291463984605,-51.10414646167015,22.34209400000004
-27.712964912162978,-51.10410360021002,23.584062999999983
-27.713038613636616,-51.10396362518141,22.031038000000034
-27.71309227846525,-51.10391309716802,23.506217999999993
-27.71316009301249,-51.10378901126512,21.831492999999973
-27.713218712675037,-51.10372551399459,23.22298799999999
-27.71327735128833,-51.10361516937931,21.610797999999985
-27.713344813992595,-51.10354119726605,22.958446999999982
-27.7134029615065,-51.10344696421028,21.362045000000027
-27.71347127236617,-51.10336302159794,22.428838999999986
-27.713522735298632,-51.10327690143294,21.08638999999998
-27.71360419694609,-51.10319070143838,22.48826000000004
-27.713645353587435,-51.10311353735305,20.76613199999998
-27.713739454091723,-51.10302224450811,22.334206
-27.71377133724727,-51.10295685708695,20.376606000000027
-27.713877582218423,-51.10285829367771,22.230090999999955
-27.713898947052485,-51.10280825904048,19.98922999999996
-27.71402027685362,-51.10269917540288,22.259530000000012
-27.714028395313758,-51.10266737683843,19.571920000000034
-27.714158592875247,-51.102533650180064,19.147909999999968
-27.714168584534463,-51.10254660567012,22.294221999999994
-27.714288806339564,-51.10240591724606,18.913657999999987
-27.71431949249936,-51.10239893446749,22.290496999999974
-27.71441951936149,-51.10228272525044,19.14413599999995
-27.714475131048665,-51.10225421997368,22.24721999999999
-27.7145535809342,-51.10216071199297,19.51832199999996
-27.714633554353945,-51.10211480758156,22.21525399999999
-27.71469108906065,-51.1020371582057,19.700632000000027
-27.714793916078104,-51.10197818487219,22.258076000000028
-27.714830235543253,-51.10191298011875,19.49490999999995
-27.714953469992626,-51.10183927079604,22.318397999999938
-27.71496841715425,-51.101791280831456,19.261514999999967
-27.71510464713028,-51.101670837324754,19.04073300000003
-27.71511110103642,-51.10169865350312,22.364107000000036
-27.71523941326257,-51.10155184020363,18.797626000000022
-27.715269956578663,-51.10155718808794,22.43535199999998
-27.715372130551653,-51.101433600356536,18.548682999999986
-27.71542869426329,-51.10141495427641,22.53438000000004
-27.715503255263183,-51.101317318998056,18.23089000000003
-27.715587802109425,-51.10127301874773,22.637044999999958
-27.715632454672225,-51.10120233436314,17.874755999999984
-27.715750117252373,-51.10112944439427,22.73794999999999
-27.715758910889686,-51.10109038157465,17.503234999999968
-27.715882071873544,-51.10097978201514,17.14895000000001
-27.71591220138197,-51.100984847840415,22.80004899999996
-27.716071318247646,-51.10084297341616,22.625706000000005
-27.7162262434402,-51.100698193374456,22.32760200000001
-27.71637762200496,-51.10055235791376,22.037192999999956
-27.71645170829026,-51.10044297549864,16.6474699999999
-27.716524641188503,-51.10040714445747,21.666058000000003
-27.716563369113683,-51.10032974980696,16.560097000000027
-27.71666486537198,-51.10026306845486,20.99757399999999
-27.716672741017284,-51.100215138922174,15.863925999999994
-27.71677592210432,-51.10010285503152,15.14360699999998
-27.716798547576637,-51.10012271176045,20.236793999999964
-27.71692433098567,-51.09998409560558,19.43991000000004
-27.71704200149439,-51.09985191466939,18.429345999999956
-27.71705329980618,-51.09979333886098,13.021008000000068
-27.717137028128235,-51.09969958704809,12.48993800000001
-27.717152703953253,-51.09973029171383,17.07400699999999
-27.71721721414891,-51.099608887127374,12.219477999999986
-27.717255515154083,-51.09962102859939,15.599664999999975
-27.71729594998874,-51.0995205294457,11.827536000000007
-27.717350872124705,-51.09951988316258,14.41276399999999
-27.71743643783131,-51.099426849480224,13.159951999999983
-27.717446812416465,-51.09935053958134,11.802369
-27.71751176674624,-51.09934388949014,11.706192000000003
-27.71752084451029,-51.09926332954821,10.885384000000013
-27.71757774996111,-51.099270543184986,10.33583450000001
-27.71763529591956,-51.09920492573672,9.135823999999987
-27.71764420599544,-51.09911265822165,8.194790999999965
-27.71768284723322,-51.09906709749122,4.299494999999995
-27.717685288049594,-51.099149696121,7.707587200000006
-27.71772539102333,-51.09912275201185,4.127744699999995
-27.71775188704529,-51.09910938408766,3.040929299999998
-27.717754810249826,-51.098984885597865,3.2368279999999907
-27.717760693193245,-51.099100570348114,1.1590776000000025
-27.71776919099613,-51.09909093037267,0.939106460000001
-27.717772847215127,-51.09907175242165,0.03359242000000005
-27.71777338361314,-51.09907795356802,0.7619825000000009
-27.71777624919171,-51.09908465207893,0.7527178500000008
-27.71777652222421,-51.099069802743934,0.005715152700000005
-27.717776983449,-51.099072813653294,0.054152742000000045
-27.717777939325376,-51.09906859802897,0.01739098899999997
-27.71777800529167,-51.09907038127368,0.06693239500000005
-27.71777934462691,-51.09907675264737,0.5828026000000007
-27.71778005513828,-51.0990715395709,0.3590018000000007
-27.71778057737832,-51.09906831146566,0.4045735600000003
-27.717787165786262,-51.098947091460026,2.4579337000000048
-27.71781048091972,-51.09891941236466,1.7937590999999982
-27.7178354218258,-51.09888299441113,0.7176348999999977
-27.71783963070977,-51.09886373672222,0.004810105000000006
-27.717839733798822,-51.09886384562269,0.006266764399999999
-27.717839750143288,-51.09886379680889,0.004594749000000006
-27.71783976263333,-51.09887166735342,0.2915363299999996
-27.7178397788198,-51.09886348444947,0.006214005999999995
-27.71783978271934,-51.098862532543336,0.005998851699999994
-27.71783980462641,-51.09886265157859,0.007017243700000006
-27.717839822072747,-51.09886311535698,0.004379725999999988
-27.717839840319293,-51.09886312870345,0.003907466299999996
-27.71783984678035,-51.09886510691982,0.005145509300000006
-27.71783985362965,-51.098863123954445,0.011723406999999998
-27.71783986024886,-51.09886292250504,0.00564870839999999
-27.71783986043928,-51.09886394370564,0.005442091699999995
-27.717839889497064,-51.0988629614804,0.005503676399999998
-27.71783991324527,-51.09886318993344,0.0049832519999999944
-27.717839913425955,-51.09886403961286,0.00634143450000001
-27.717839917770213,-51.098863174154985,0.004352107600000013
-27.717839923457017,-51.09886333291647,0.011724101999999997
-27.717839930505004,-51.09886269281378,0.006219313000000003
-27.717839938940035,-51.09886350318488,0.004522821000000007
-27.717839941334844,-51.09886294541193,0.006117125999999994
-27.717839951190115,-51.0988631243413,0.005270686500000003
-27.71783995493088,-51.09886300922048,0.007896191000000018
-27.717839965705927,-51.098864086642585,0.004834305500000011
-27.71783997059699,-51.09886489363392,0.0042111534
-27.71783997229145,-51.09886412269926,0.0025257156000000037
-27.717839973152383,-51.098864114153045,0.008324196000000004
-27.71783998167915,-51.09886327100977,0.005312023699999998
-27.717839985207824,-51.0988640273111,0.003915555999999991
-27.7178399991699,-51.09886451291015,0.005491192499999994
-27.71784001819514,-51.09886459464565,0.005653968999999997
-27.71784002448348,-51.09886556076867,0.00686640000000003
-27.71784002497744,-51.09886354182292,0.006733131599999998
-27.71784002799775,-51.09886336769682,0.006166964000000008
-27.71784003778512,-51.09886427179743,0.011352834999999988
-27.717840040196545,-51.09886383845637,0.006855678999999988
-27.717840073223517,-51.09886323731013,0.005981363399999996
-27.717840108377136,-51.09886418772841,0.004201247999999994
-27.717840164768678,-51.09886413558969,0.01377003800000002
-27.7178401725632,-51.09886570776818,0.007732544999999988
-27.717840207114893,-51.09886429074159,0.0031433046999999993
-27.717840223731343,-51.09886439937142,0.006341425200000017
-27.71784026339343,-51.0988641803196,0.007771028999999986
-27.717840269203396,-51.0988645202973,0.008911840999999983
-27.717840288255413,-51.09886499272352,0.011327255999999977
-27.717840302424356,-51.098864599009325,0.0050265626000000055
-27.71784040430869,-51.09886586284238,0.006026278700000009
-27.71784042768643,-51.09886509780076,0.007110170000000016
-27.71784053339765,-51.09886530581168,0.006699717999999988
-27.717840671199923,-51.09886585243765,0.005478006299999999
-27.717840733852142,-51.09886510952015,0.008528781999999986
-27.717840771680763,-51.09886577733082,0.0050799539999999985
-27.717840777981287,-51.09886509523957,0.006607829599999996
-27.71784079544646,-51.0988656378941,0.006101204999999999
-27.71784080403432,-51.09886581910522,0.0063873287000000166
-27.71784083240413,-51.09886588543933,0.008160071000000014
-27.71784094026226,-51.09886563547604,0.007219285699999997
-27.717840956991854,-51.09886533963497,0.00912774099999999
-27.717840966540585,-51.09886544467583,0.010425471000000013
-27.71784098215738,-51.09886571654708,0.007333229300000013
-27.71784098351466,-51.09886513254355,0.014459572000000016
-27.717840996280074,-51.09886519316176,0.0070096887999999994
-27.71784101948288,-51.09886488522276,0.009430937500000012
-27.717841048100887,-51.09886485850813,0.00652632069999999
-27.71784113106678,-51.09886526988269,0.0046121800000000065
-27.71784124299888,-51.09886524781006,0.007321651600000019
-27.71784152355098,-51.09886576488166,0.005111690999999987
-27.71784157287977,-51.0988658712078,0.008167012000000003
-27.717841575571075,-51.09886577391322,0.00512332660000001
-27.71784159650324,-51.09886609835809,0.005991675999999987
-27.71784163239481,-51.09886580621022,0.008172842999999992
-27.717841675439622,-51.098865695924246,0.007094103400000012
-27.71784168903692,-51.09886591286466,0.004797850300000012
-27.71784169333785,-51.09886610406635,0.006732528599999993
-27.717841698870505,-51.09886575968997,0.007813916000000006
-27.717841714078236,-51.09886586825243,0.006305954999999979
-27.717841739255928,-51.098865906173685,0.005916246700000008
-27.717841740945985,-51.09886586578758,0.007511745700000009
-27.71784175566687,-51.09886595033928,0.0057895877000000194
-27.71784175810961,-51.09886588799158,0.007024891699999988
,,
